type,name,photo,dropno,date,nme_owner,con_owner,oper_nme,oper_con,nme_per1,con_per1,nme_per2,con_per2,brand,audit,audited,brand_where,vouch,signa_av,signa_co,agnt_nme,site,zone,pons,notes,obj_lat,obj_long,act_lat,act_long,dist,type_flow,last_modified_by_flow,last_modified_date_flow,sch_name,sch_princ,sch_secr,sch_cont,sch_email,sch_addr,sch_learn,sch_age,sch_teach,sch_lang,sch_ass_d,sch_ass_t,lst_mod_by,lst_mod_dt,onemapfid
"Shop (identification),no name ,""-17"",no drop allocated,Fri May 09 2025,,,,,,,,,,,,,,,,Brian ,LAWLEY,""6"",""51"",lawlay,""-26.37242006325598"",""27.801863897478153"",""-26.372339"",""27.801811"",""10.4"",""Shop (identification), Shop (identification), Shop (identification)"",ft3@mvmedia.co.za,2025-05-09T07:57:39.577Z,,,,,,,,,,,,,ft3@mvmedia.co.za,2025-05-09 09:59:03.23864+02,""10053"""
"Shop (identification),no name ,""-17"",no drop allocated,Fri May 09 2025,,,,,,,,,,,,,,,,Brian ,LAWLEY,""6"",""51"",lawlay,""-26.37242006325598"",""27.801863897478153"",""-26.372339"",""27.801811"",""10.4"",""Shop (identification), Shop (identification)"",ft3@mvmedia.co.za,2025-05-09T07:55:55.799Z,,,,,,,,,,,,,ft3@mvmedia.co.za,2025-05-09 09:57:37.367597+02,""10051"""
",,""1358753"",,,,,,,,,,,,,,,,,,,LAWLEY,""6"",""51"",,""-26.37242006325598"",""27.801863897478153"",,,,,,,,,,,,,,,,,,,ft3@mvmedia.co.za,2025-05-09 11:31:23.829431+02,""10058"""
"Shop (identification),no name ,""-17"",no drop allocated,Fri May 09 2025,,,,,,,,,,,,,,,,Brian ,LAWLEY,""6"",""51"",lawlay,""-26.37242006325598"",""27.801863897478153"",""-26.372339"",""27.801811"",""10.4"",Shop (identification),ft3@mvmedia.co.za,2025-05-09T07:54:57.276Z,,,,,,,,,,,,,ft3@mvmedia.co.za,2025-05-09 09:57:52.911255+02,""10052"""
"Retail (branding),Zama Zama Supermarket ,""1621251"",DR1743689,Thu Jun 19 2025,jamard,""0611087979"",,,,,,,Yes,Yes,In person,,,,,Thapelo Makhubela ,Lawley,""6"",""51"",store is painted and branded ,""-26.37242256815491"",""27.801875594013136"",""-26.372376"",""27.801911"",""6.3"",Retail (branding),ft3@mvmedia.co.za,2025-06-19T10:51:15.561Z,,,,,,,,,,,,,ft3@mvmedia.co.za,2025-07-01 07:30:50.332513+02,""12123"""
"Shop (identification),no name ,""1358754"",DR1743798,Fri May 09 2025,,,,,,,,,,,,,,,,Brian ,LAWLEY,""6"",""51"",lawlay,""-26.37268216309338"",""27.801825383147392"",""-26.372426"",""27.801804"",""28.6"",Shop (identification),ft3@mvmedia.co.za,2025-05-09T07:50:54.571Z,,,,,,,,,,,,,ft3@mvmedia.co.za,2025-05-09 11:31:24.517618+02,""10050"""
"Shop (identification),no name ,""1358083"",DR1743611,Fri May 09 2025,,,,,,,,,,,,,,,,Brian ,LAWLEY,""5"",""50"",lawlay,""-26.374199906557102"",""27.80174559083471"",""-26.374204"",""27.801811"",""6.5"",Shop (identification),ft3@mvmedia.co.za,2025-05-09T07:41:20.839Z,,,,,,,,,,,,,ft3@mvmedia.co.za,2025-05-09 11:31:09.058531+02,""10048"""
"Shop (identification),no name ,""1358110"",DR1743577,Fri May 09 2025,,,,,,,,,,,,,,,,Brian ,LAWLEY,,,lawlay,""-26.37356478182241"",""27.801479434828753"",""-26.373560"",""27.801669"",""18.9"",Shop (identification),ft3@mvmedia.co.za,2025-05-09T07:45:38.989Z,,,,,,,,,,,,,ft3@mvmedia.co.za,2025-05-09 11:31:13.193766+02,""10049"""
"Shop (identification),bismilla supermarket ,""1357918"",DR1739714,Fri May 09 2025,,,,,,,,,,,,,,,,Brian ,LAWLEY,""3"",""29"",lawlay,""-26.37418488156366"",""27.80633982785673"",""-26.374115"",""27.806085"",""26.5"",Shop (identification),ft3@mvmedia.co.za,2025-05-09T07:27:06.698Z,,,,,,,,,,,,,ft3@mvmedia.co.za,2025-05-09 11:31:05.510094+02,""10046"""
"Retail (branding),John Supermarket ,""1616062"",DR1741623,Wed Jun 18 2025,Johnathan ,""0720129177"",,,,,,,Yes,Yes,In person,,,,,Thapelo Makhubela ,Lawley,""4"",""48"",Store is painted and branded ,""-26.372252492634384"",""27.80600003155379"",""-26.372228"",""27.805947"",""5.9"",Retail (branding),ft3@mvmedia.co.za,2025-06-18T12:42:49.879Z,,,,,,,,,,,,,ft3@mvmedia.co.za,2025-07-01 07:30:49.653759+02,""12097"""
"Shop (identification),John ,""1358226"",DR1741623,Fri May 09 2025,,,,,,,,,,,,,,,,Brian ,LAWLEY,""4"",""48"",lawlay ,""-26.372248710128115"",""27.806013711864356"",""-26.372169"",""27.806101"",""12.4"",Shop (identification),ft3@mvmedia.co.za,2025-05-09T08:42:06.424Z,,,,,,,,,,,,,ft3@mvmedia.co.za,2025-05-09 11:31:15.222532+02,""10054"""
"Shop (identification),no name ,""1357909"",DR1741834,Fri May 09 2025,,,,,,,,,,,,,,,,Brian ,LAWLEY,""4"",""34"",lawlay,""-26.37358301512403"",""27.808615283382167"",""-26.373562"",""27.808671"",""6.0"",Shop (identification),ft3@mvmedia.co.za,2025-05-09T07:24:36.881Z,,,,,,,,,,,,,ft3@mvmedia.co.za,2025-05-09 11:31:04.326703+02,""10045"""
"Shop (identification),no name ,""1347256"",DR1731895,Wed May 07 2025,,,,,,,,,,,,,,,,Brian ,LAWLEY,""15"",""173"",LAWLAY,""-26.396614406564115"",""27.81576953727727"",""-26.396673"",""27.816016"",""25.4"",Shop (identification),ft3@mvmedia.co.za,2025-05-07T12:02:59.129Z,,,,,,,,,,,,,ft3@mvmedia.co.za,2025-05-07 14:20:24.1156+02,""9828"""
"Shop (identification),no name ,""1347266"",DR1731878,Wed May 07 2025,,,,,,,,,,,,,,,,Brian ,LAWLEY,""15"",""173"",LAWLAY,""-26.39632279213162"",""27.815115037302057"",""-26.396358"",""27.815298"",""18.6"",Shop (identification),ft3@mvmedia.co.za,2025-05-07T12:05:01.788Z,,,,,,,,,,,,,ft3@mvmedia.co.za,2025-05-07 14:20:24.230391+02,""9829"""
"Shop (identification),no name ,""1347149"",DR1732661,Wed May 07 2025,,,,,,,,,,,,,,,,Brian ,LAWLEY,""14"",""165"",LAWLAY,""-26.394691054300374"",""27.813580549254944"",""-26.394716"",""27.813457"",""12.6"",Shop (identification),ft3@mvmedia.co.za,2025-05-07T11:52:07.265Z,,,,,,,,,,,,,ft3@mvmedia.co.za,2025-05-07 14:20:23.883322+02,""9826"""
"Shop (identification),no name ,""1347229"",DR1730373,Wed May 07 2025,,,,,,,,,,,,,,,,Brian ,LAWLEY,""14"",""160"",LAWLAY,""-26.39407027252141"",""27.81429866741113"",""-26.394288"",""27.814037"",""35.6"",Shop (identification),ft3@mvmedia.co.za,2025-05-07T11:58:40.012Z,,,,,,,,,,,,,ft3@mvmedia.co.za,2025-05-07 14:20:23.98881+02,""9827"""
"Shop (identification),LAWLEY ONE STOP SUPERMARKET ,""1346395"",DR1730248,Wed May 07 2025,,,,,,,,,,,,,,,,Brian ,LAWLEY,""14"",""159"",LAWLAY ,""-26.39316553964724"",""27.81589698987123"",""-26.393302"",""27.816068"",""22.8"",Shop (identification),ft3@mvmedia.co.za,2025-05-07T10:44:51.100Z,,,,,,,,,,,,,ft3@mvmedia.co.za,2025-05-07 14:20:21.050581+02,""9798"""
"Shop (identification),no name ,""1346761"",DR1730539,Wed May 07 2025,,,,,,,,,,,,,,,,Brian ,LAWLEY,""12"",""147"",LAWLAY,""-26.391780390680218"",""27.814112638565877"",""-26.391705"",""27.814164"",""9.8"",Shop (identification),ft3@mvmedia.co.za,2025-05-07T11:15:55.925Z,,,,,,,,,,,,,ft3@mvmedia.co.za,2025-05-07 14:20:22.362664+02,""9815"""
"Shop (identification),no name ,""1346765"",DR1730544,Wed May 07 2025,,,,,,,,,,,,,,,,Brian ,LAWLEY,""12"",""147"",LAWLAY,""-26.39168831652684"",""27.813865279394737"",""-26.391649"",""27.813922"",""7.1"",Shop (identification),ft3@mvmedia.co.za,2025-05-07T11:16:44.540Z,,,,,,,,,,,,,ft3@mvmedia.co.za,2025-05-07 14:20:22.501827+02,""9816"""
"Shop (identification),no name ,""1346412"",DR1730617,Wed May 07 2025,,,,,,,,,,,,,,,,Brian ,LAWLEY,""12"",""147"",LAWLAY,""-26.391731521677148"",""27.812734006322792"",""-26.391914"",""27.812341"",""44.1"",Shop (identification),ft3@mvmedia.co.za,2025-05-07T10:46:34.310Z,,,,,,,,,,,,,ft3@mvmedia.co.za,2025-05-07 14:20:21.208956+02,""9800"""
"Shop (identification),mashengu tuck shop ,""1346645"",DR1730754,Wed May 07 2025,,,,,,,,,,,,,,,,Brian ,LAWLEY,""12"",""148"",LAWLAY,""-26.391381166430783"",""27.815576811761726"",""-26.391385"",""27.815433"",""14.3"",Shop (identification),ft3@mvmedia.co.za,2025-05-07T11:06:15.150Z,,,,,,,,,,,,,ft3@mvmedia.co.za,2025-05-07 14:20:21.802758+02,""9809"""
"Shop (identification),no name ,""1346663"",DR1730751,Wed May 07 2025,,,,,,,,,,,,,,,,Brian ,LAWLEY,""12"",""148"",LAWLAY,""-26.39159791629819"",""27.81553826672752"",""-26.391620"",""27.815460"",""8.2"",Shop (identification),ft3@mvmedia.co.za,2025-05-07T11:08:28.875Z,,,,,,,,,,,,,ft3@mvmedia.co.za,2025-05-07 14:20:22.028245+02,""9812"""
"Shop (identification),cnr barracuda shop,""1346657"",DR1731100,Wed May 07 2025,,,,,,,,,,,,,,,,Brian ,LAWLEY,""12"",""151"",LAWLAY,""-26.391630006804675"",""27.815272246593246"",""-26.391473"",""27.815424"",""23.1"",Shop (identification),ft3@mvmedia.co.za,2025-05-07T11:07:21.444Z,,,,,,,,,,,,,ft3@mvmedia.co.za,2025-05-07 14:20:21.924044+02,""9811"""
"Shop (identification),no name ,""1346722"",DR1730606,Wed May 07 2025,,,,,,,,,,,,,,,,Brian ,LAWLEY,""12"",""147"",LAWLAY,""-26.391785643867923"",""27.81442619267148"",""-26.391714"",""27.814591"",""18.2"",Shop (identification),ft3@mvmedia.co.za,2025-05-07T11:13:42.038Z,,,,,,,,,,,,,ft3@mvmedia.co.za,2025-05-07 14:20:22.136884+02,""9813"""
"Shop (identification),BARRACUDA SHOP,""1346747"",DR1730634,Wed May 07 2025,,,,,,,,,,,,,,,,Brian ,LAWLEY,""12"",""147"",LAWLAY,""-26.391825491425063"",""27.81460292867799"",""-26.391762"",""27.814631"",""7.6"",Shop (identification),ft3@mvmedia.co.za,2025-05-07T11:14:28.982Z,,,,,,,,,,,,,ft3@mvmedia.co.za,2025-05-07 14:20:22.250202+02,""9814"""
"Shop (identification),no name ,""1346360"",DR1730181,Wed May 07 2025,,,,,,,,,,,,,,,,Brian ,LAWLEY,""14"",""159"",Lawlay ,""-26.391845055329025"",""27.816377927993038"",""-26.391770"",""27.816349"",""8.8"",Shop (identification),ft3@mvmedia.co.za,2025-05-07T10:41:13.278Z,,,,,,,,,,,,,ft3@mvmedia.co.za,2025-05-07 14:20:20.898522+02,""9796"""
"Shop (identification),no name ,""1346544"",DR1731278,Wed May 07 2025,,,,,,,,,,,,,,,,Brian ,LAWLEY,""12"",""153"",LAWLAY,""-26.390272215340417"",""27.813280715720428"",""-26.390197"",""27.813441"",""18.0"",Shop (identification),ft3@mvmedia.co.za,2025-05-07T10:56:21.667Z,,,,,,,,,,,,,ft3@mvmedia.co.za,2025-05-07 14:20:21.580801+02,""9805"""
"Shop (identification),MMABATHO GEN.DEARLER,""1346536"",DR1731289,Wed May 07 2025,,,,,,,,,,,,,,,,Brian ,LAWLEY,""12"",""153"",LAWLAY,""-26.390000246609638"",""27.81337078210226"",""-26.390125"",""27.813435"",""15.3"",Shop (identification),ft3@mvmedia.co.za,2025-05-07T10:55:44.188Z,,,,,,,,,,,,,ft3@mvmedia.co.za,2025-05-07 14:20:21.432267+02,""9804"""
"Shop (identification),no name ,""1346617"",DR1730950,Wed May 07 2025,,,,,,,,,,,,,,,,Brian ,LAWLEY,""12"",""150"",LAWLAY,""-26.388428634722743"",""27.815000682839194"",""-26.388372"",""27.815267"",""27.3"",Shop (identification),ft3@mvmedia.co.za,2025-05-07T11:02:26.064Z,,,,,,,,,,,,,ft3@mvmedia.co.za,2025-05-07 14:20:21.690815+02,""9807"""
"Shop (identification),no name ,""1347791"",DR1729766,Wed May 07 2025,,,,,,,,,,,,,,,,Brian ,LAWLEY,,,LAWLAY,""-26.386845801368363"",""27.81410721301563"",""-26.386619"",""27.814122"",""25.3"",Shop (identification),ft3@mvmedia.co.za,2025-05-07T12:46:02.184Z,,,,,,,,,,,,,ft3@mvmedia.co.za,2025-05-09 11:30:46.036844+02,""9839"""
"Shop (identification),no name ,""1348637"",DR1751588,Wed May 07 2025,,,,,,,,,,,,,,,,Brian ,LAWLEY,""11"",""129"",LAWLAY,""-26.385193370499252"",""27.814561254416546"",""-26.385199"",""27.815046"",""48.3"",Shop (identification),ft3@mvmedia.co.za,2025-05-07T13:50:14.283Z,,,,,,,,,,,,,ft3@mvmedia.co.za,2025-05-09 11:30:50.40694+02,""9866"""
"Shop (identification),MANQOBA SHOP,""1348644"",DR1750721,Wed May 07 2025,,,,,,,,,,,,,,,,Brian ,LAWLEY,""11"",""128"",LAWLAY,""-26.385241200577"",""27.815139634556687"",""-26.385071"",""27.815276"",""23.3"",Shop (identification),ft3@mvmedia.co.za,2025-05-07T13:51:13.105Z,,,,,,,,,,,,,ft3@mvmedia.co.za,2025-05-09 11:30:50.612863+02,""9867"""
"Shop (identification),no name ,""1347780"",DR1752801,Wed May 07 2025,,,,,,,,,,,,,,,,Brian ,LAWLEY,,,LAWLAY,""-26.386476652186218"",""27.81472966557948"",""-26.386380"",""27.814707"",""11.0"",Shop (identification),ft3@mvmedia.co.za,2025-05-07T12:44:48.922Z,,,,,,,,,,,,,ft3@mvmedia.co.za,2025-05-09 11:30:45.894662+02,""9838"""
"Retail (branding),Pauly Street Tuck Shop ,""1615470"",DR1750427,Wed Jun 18 2025,Samuel ,""0751679799"",,,,,,,Yes,Yes,In person,,,,,Thapelo Makhubela ,Lawley,""11"",""126"",store is painted and branded ,""-26.383208823000686"",""27.812978013529154"",""-26.383212"",""27.812805"",""17.2"",Retail (branding),ft3@mvmedia.co.za,2025-06-18T11:53:51.908Z,,,,,,,,,,,,,ft3@mvmedia.co.za,2025-07-01 07:30:49.495264+02,""12096"""
"Shop (identification),Pauly street tuck shop ,""1348392"",DR1750427,Wed May 07 2025,,,,,,,,,,,,,,,,Brian ,LAWLEY,""11"",""126"",LAWLAY,""-26.383207890206272"",""27.81298013546606"",""-26.383239"",""27.812839"",""14.5"",Shop (identification),ft3@mvmedia.co.za,2025-05-07T13:30:44.954Z,,,,,,,,,,,,,ft3@mvmedia.co.za,2025-05-09 11:30:49.334971+02,""9859"""
"Shop (identification),blue shop supermarket ,""1348450"",DR1751210,Wed May 07 2025,,,,,,,,,,,,,,,,Brian ,LAWLEY,""10"",""118"",LAWLAY,""-26.38195611727308"",""27.812742906643958"",""-26.381989"",""27.812577"",""16.9"",Shop (identification),ft3@mvmedia.co.za,2025-05-07T13:33:58.320Z,,,,,,,,,,,,,ft3@mvmedia.co.za,2025-05-09 11:30:49.513846+02,""9860"""
"Shop (identification),Brothers Supermarket ,""1357713"",DR1750037,Fri May 09 2025,,,,,,,,,,,,,,,,Brian ,LAWLEY,""10"",""122"",lawlay ,""-26.38154005389228"",""27.8152932504417"",""-26.381455"",""27.815271"",""9.7"",Shop (identification),ft3@mvmedia.co.za,2025-05-09T07:05:40.223Z,,,,,,,,,,,,,ft3@mvmedia.co.za,2025-05-09 11:31:03.713801+02,""10042"""
"Shop (identification),no name ,""1348463"",DR1748502,Wed May 07 2025,,,,,,,,,,,,,,,,Brian ,LAWLEY,""10"",""109"",LAWLAY,""-26.381614928578088"",""27.812641871974165"",""-26.381687"",""27.812523"",""14.3"",Shop (identification),ft3@mvmedia.co.za,2025-05-07T13:35:03.694Z,,,,,,,,,,,,,ft3@mvmedia.co.za,2025-05-09 11:30:49.698862+02,""9861"""
"Shop (identification),no name ,""1348580"",DR1748502,Wed May 07 2025,,,,,,,,,,,,,,,,Brian ,LAWLEY,""10"",""109"",LAWLAY,""-26.381406678738855"",""27.81276141871723"",""-26.381276"",""27.812675"",""16.9"",Shop (identification),ft3@mvmedia.co.za,2025-05-07T13:43:51.841Z,,,,,,,,,,,,,ft3@mvmedia.co.za,2025-05-09 11:30:50.235038+02,""9864"""
"Shop (identification),LAWLAY 2 SUPERMARKET ,""1348478"",DR1748361,Wed May 07 2025,,,,,,,,,,,,,,,,Brian ,LAWLEY,""10"",""108"",LAWLAY,""-26.380856548422344"",""27.812498843167884"",""-26.380834"",""27.812287"",""21.3"",Shop (identification),ft3@mvmedia.co.za,2025-05-07T13:36:48.654Z,,,,,,,,,,,,,ft3@mvmedia.co.za,2025-05-09 11:30:49.87754+02,""9862"""
"Shop (identification),no name ,""1357785"",DR1749896,Fri May 09 2025,,,,,,,,,,,,,,,,Brian ,LAWLEY,""10"",""113"",lawlay,""-26.378563525417157"",""27.813433681294992"",""-26.378646"",""27.813392"",""10.1"",Shop (identification),ft3@mvmedia.co.za,2025-05-09T07:12:21.708Z,,,,,,,,,,,,,ft3@mvmedia.co.za,2025-05-09 11:31:03.98823+02,""10043"""
"Shop (identification),no name ,""1358581"",DR1750965,Fri May 09 2025,,,,,,,,,,,,,,,,Ronald ,LAWLEY,""10"",""116"",Lawley ,""-26.377279707143376"",""27.813336032040432"",""-26.377028"",""27.813277"",""28.6"",Shop (identification),ft3@mvmedia.co.za,2025-05-09T09:25:33.662Z,,,,,,,,,,,,,ft3@mvmedia.co.za,2025-06-06 12:27:05.269962+02,""10057"""
"Shop (identification),no name ,""1357861"",DR1737765,Fri May 09 2025,,,,,,,,,,,,,,,,Brian ,LAWLEY,""1"",""12"",lawlay,""-26.37525020809368"",""27.811215697813598"",""-26.375301"",""27.811365"",""15.9"",Shop (identification),ft3@mvmedia.co.za,2025-05-09T07:21:26.909Z,,,,,,,,,,,,,ft3@mvmedia.co.za,2025-05-09 11:31:04.200371+02,""10044"""
"Shop (identification),Yellow Supermarket ,""1354661"",DR1739109,Thu May 08 2025,,,,,,,,,,,,,,,,Brian ,LAWLEY,""1"",""9"",LAWLAY,""-26.376472497468974"",""27.811633624325154"",""-26.376557"",""27.811449"",""20.7"",Shop (identification),ft3@mvmedia.co.za,2025-05-08T12:36:09.495Z,,,,,,,,,,,,,ft3@mvmedia.co.za,2025-05-09 11:31:02.829403+02,""10013"""
"Shop (identification),no name ,""1354626"",DR1738741,Thu May 08 2025,,,,,,,,,,,,,,,,Brian ,LAWLEY,""1"",""6"",LAWLAY,""-26.376785843611188"",""27.809574994651705"",""-26.376793"",""27.809983"",""40.7"",Shop (identification),ft3@mvmedia.co.za,2025-05-08T12:35:09.793Z,,,,,,,,,,,,,ft3@mvmedia.co.za,2025-05-09 11:31:02.516011+02,""10012"""
",,,,,,,,,,,,,,,,,,,,,LAWLEY,""3"",""30"",,""-26.375418180415412"",""27.80673930061248"",,,,,,,,,,,,,,,,,,,ft3@mvmedia.co.za,2025-05-09 11:31:22.795325+02,""10081"""
",,,,,,,,,,,,,,,,,,,,,LAWLEY,""3"",""30"",,""-26.375418180415412"",""27.80673930061248"",,,,,,,,,,,,,,,,,,,ft3@mvmedia.co.za,2025-05-09 11:31:23.031205+02,""10082"""
",,,,,,,,,,,,,,,,,,,,,LAWLEY,""3"",""30"",,""-26.375409522747482"",""27.80658964057524"",,,,,,,,,,,,,,,,,,,ft3@mvmedia.co.za,2025-05-09 11:31:15.78009+02,""10061"""
",,,,,,,,,,,,,,,,,,,,,LAWLEY,""3"",""30"",,""-26.375409522747482"",""27.80658964057524"",,,,,,,,,,,,,,,,,,,ft3@mvmedia.co.za,2025-05-09 11:31:15.607729+02,""10060"""
",,,,,,,,,,,,,,,,,,,,,LAWLEY,""3"",""30"",,""-26.375409522747482"",""27.80658964057524"",,,,,,,,,,,,,,,,,,,ft3@mvmedia.co.za,2025-05-09 11:31:15.408907+02,""10059"""
",,,,,,,,,,,,,,,,,,,,,LAWLEY,""3"",""30"",,""-26.375428517658797"",""27.806525316329388"",,,,,,,,,,,,,,,,,,,ft3@mvmedia.co.za,2025-05-09 11:31:20.661135+02,""10077"""
",,,,,,,,,,,,,,,,,,,,,LAWLEY,""3"",""30"",,""-26.375428517658797"",""27.806525316329388"",,,,,,,,,,,,,,,,,,,ft3@mvmedia.co.za,2025-05-09 11:31:20.823462+02,""10078"""
",,,,,,,,,,,,,,,,,,,,,LAWLEY,""3"",""30"",,""-26.375424868447666"",""27.806606267350677"",,,,,,,,,,,,,,,,,,,ft3@mvmedia.co.za,2025-05-09 11:31:18.168689+02,""10072"""
",,,,,,,,,,,,,,,,,,,,,LAWLEY,""3"",""30"",,""-26.375415648606737"",""27.80658272815932"",,,,,,,,,,,,,,,,,,,ft3@mvmedia.co.za,2025-05-09 11:31:17.221704+02,""10068"""
",,,,,,,,,,,,,,,,,,,,,LAWLEY,""3"",""30"",,""-26.375415648606737"",""27.80658272815932"",,,,,,,,,,,,,,,,,,,ft3@mvmedia.co.za,2025-05-09 11:31:16.263399+02,""10064"""
",,,,,,,,,,,,,,,,,,,,,LAWLEY,""3"",""30"",,""-26.375415648606737"",""27.80658272815932"",,,,,,,,,,,,,,,,,,,ft3@mvmedia.co.za,2025-05-09 11:31:17.430272+02,""10069"""
",,,,,,,,,,,,,,,,,,,,,LAWLEY,""3"",""30"",,""-26.375415648606737"",""27.80658272815932"",,,,,,,,,,,,,,,,,,,ft3@mvmedia.co.za,2025-05-09 11:31:16.805929+02,""10067"""
",,,,,,,,,,,,,,,,,,,,,LAWLEY,""3"",""30"",,""-26.375415648606737"",""27.80658272815932"",,,,,,,,,,,,,,,,,,,ft3@mvmedia.co.za,2025-05-09 11:31:16.657433+02,""10066"""
",,,,,,,,,,,,,,,,,,,,,LAWLEY,""3"",""30"",,""-26.375415648606737"",""27.80658272815932"",,,,,,,,,,,,,,,,,,,ft3@mvmedia.co.za,2025-05-09 11:31:16.474472+02,""10065"""
",,,,,,,,,,,,,,,,,,,,,LAWLEY,""3"",""30"",,""-26.375415648606737"",""27.80658272815932"",,,,,,,,,,,,,,,,,,,ft3@mvmedia.co.za,2025-05-09 11:31:17.832369+02,""10071"""
",,,,,,,,,,,,,,,,,,,,,LAWLEY,""3"",""30"",,""-26.375415648606737"",""27.80658272815932"",,,,,,,,,,,,,,,,,,,ft3@mvmedia.co.za,2025-05-09 11:31:17.597381+02,""10070"""
"Shop (identification),no name,""1358297"",DR1739865,Fri May 09 2025,,,,,,,,,,,,,,,,Ronald ,LAWLEY,""3"",""30"",Lawley ,""-26.375421106396118"",""27.806553301314842"",""-26.375446"",""27.806678"",""12.7"",Shop (identification),ft3@mvmedia.co.za,2025-05-09T09:03:37.692Z,,,,,,,,,,,,,ft3@mvmedia.co.za,2025-06-06 12:27:04.375329+02,""10055"""
"Shop (identification),More Fire Supermarket ,""1358473"",DR1738834,Fri May 09 2025,,,,,,,,,,,,,,,,Ronald ,LAWLEY,""1"",""6"",Lawley ,""-26.37700909828767"",""27.80686626601507"",""-26.377009"",""27.807054"",""18.7"",Shop (identification),ft3@mvmedia.co.za,2025-05-09T09:18:37.509Z,,,,,,,,,,,,,ft3@mvmedia.co.za,2025-06-06 12:27:04.650022+02,""10056"""
"Shop (identification),no name ,""1354570"",DR1742587,Thu May 08 2025,,,,,,,,,,,,,,,,Brian ,LAWLEY,""4"",""41"",LAWLAY,""-26.37746981984352"",""27.805116624009315"",""-26.377582"",""27.805249"",""18.2"",Shop (identification),ft3@mvmedia.co.za,2025-05-08T12:33:15.081Z,,,,,,,,,,,,,ft3@mvmedia.co.za,2025-05-09 11:31:02.247274+02,""10011"""
"Shop (identification),C B SUPERMARKET ,""1354721"",DR1738459,Thu May 08 2025,,,,,,,,,,,,,,,,Brian ,LAWLEY,""1"",""3"",LAWLAY,""-26.377450630207132"",""27.811594588737748"",""-26.377448"",""27.811770"",""17.5"",Shop (identification),ft3@mvmedia.co.za,2025-05-08T12:38:34.393Z,,,,,,,,,,,,,ft3@mvmedia.co.za,2025-05-09 11:31:03.5113+02,""10015"""
"Shop (identification),no name ,""1354690"",DR1738521,Thu May 08 2025,,,,,,,,,,,,,,,,Brian ,LAWLEY,""1"",""4"",LAWLAY,""-26.377189236125986"",""27.811513987326368"",""-26.377189"",""27.811737"",""22.2"",Shop (identification),ft3@mvmedia.co.za,2025-05-08T12:37:23.998Z,,,,,,,,,,,,,ft3@mvmedia.co.za,2025-05-09 11:31:03.10323+02,""10014"""
"Retail (branding),Oromia Tuck Shop ,""1613763"",DR1738387,Wed Jun 18 2025,Abdul ,""0618747220"",,,,,,,Yes,Yes,In person,,,,,Thapelo Makhubela ,Lawley,""1"",""3"",store is painted and branded ,""-26.37747603872989"",""27.811591683778957"",""-26.377201"",""27.811596"",""30.6"",Retail (branding),ft3@mvmedia.co.za,2025-06-18T09:48:34.113Z,,,,,,,,,,,,,ft3@mvmedia.co.za,2025-07-01 07:30:49.175729+02,""12094"""
"Retail (branding),Kwamdaka Tuck Shop ,""1619291"",DR1733230,Thu Jun 19 2025,Elvis mdaka,""0609539827"",,,,,,,Yes,Yes,In person,,,,,Thapelo Makhubela ,Lawley,""16"",""177"",Store is painted and branded ,""-26.380758446815232"",""27.811277714209897"",""-26.380680"",""27.811226"",""10.1"",Retail (branding),ft3@mvmedia.co.za,2025-06-19T08:41:56.617Z,,,,,,,,,,,,,ft3@mvmedia.co.za,2025-07-01 07:30:49.923509+02,""12100"""
"Shop (identification),KWAMDAKA TUCK SHOP,""1348538"",DR1733230,Wed May 07 2025,,,,,,,,,,,,,,,,Brian ,LAWLEY,""16"",""177"",LAWLAY,""-26.38075796401119"",""27.811264241039435"",""-26.380639"",""27.811209"",""14.3"",Shop (identification),ft3@mvmedia.co.za,2025-05-07T13:38:59.073Z,,,,,,,,,,,,,ft3@mvmedia.co.za,2025-05-09 11:30:50.096378+02,""9863"""
"Shop (identification),Zion spaza shop,""1354207"",DR1732261,Thu May 08 2025,,,,,,,,,,,,,,,,Brian ,LAWLEY,""16"",""176"",LAWLAY,""-26.38214671539373"",""27.8097174330531"",""-26.382197"",""27.809725"",""5.6"",Shop (identification),ft3@mvmedia.co.za,2025-05-08T12:12:24.621Z,,,,,,,,,,,,,ft3@mvmedia.co.za,2025-05-09 11:31:00.604007+02,""10002"""
"Retail (branding),Welcome shop,""1616698"",DR1732148,Wed Jun 18 2025,Teddy,""0672041059"",,,,,,,Yes,Yes,In person,,,,,Thapelo Makhubela ,Lawley,""16"",""175"",store is painted and branded ,""-26.38114254055299"",""27.80894283621011"",""-26.381090"",""27.808879"",""8.6"",Retail (branding),ft3@mvmedia.co.za,2025-06-18T13:41:17.591Z,,,,,,,,,,,,,ft3@mvmedia.co.za,2025-07-01 07:30:49.767804+02,""12098"""
"Shop (identification),savemore tuck shop ,""1742595"",DR1734149,Sat Jul 05 2025,,,,,,,,,,,,,,,,Brian ,Lawley,""16"",""178"",LAWLAY,""-26.382052024429292"",""27.808295327347704"",""-26.381982"",""27.808387"",""12.0"",Shop (identification),ft3@mvmedia.co.za,2025-05-08T12:17:46.684Z,,,,,,,,,,,,,ft3@mvmedia.co.za,2025-07-05 09:59:34.186454+02,""10004"""
"Shop (identification),no name ,""1354158"",DR1734196,Thu May 08 2025,,,,,,,,,,,,,,,,Brian ,LAWLEY,""16"",""179"",LAWLAY,""-26.382458044282735"",""27.807533527367646"",""-26.382521"",""27.807547"",""7.1"",Shop (identification),ft3@mvmedia.co.za,2025-05-08T12:09:59.608Z,,,,,,,,,,,,,ft3@mvmedia.co.za,2025-05-09 11:31:00.377661+02,""10001"""
"Shop (identification),Good Prices Supermarket ,""1742626"",DR1734248,Sat Jul 05 2025,,,,,,,,,,,,,,,,Ronald ,Lawley,""16"",""179"",Lawley ,""-26.382290402544903"",""27.806780171213024"",""-26.382191"",""27.806881"",""14.9"",Shop (identification),ft3@mvmedia.co.za,2025-07-05T08:04:26.015Z,,,,,,,,,,,,,ft3@mvmedia.co.za,2025-07-05 12:36:13.694335+02,""13488"""
"Shop (identification),Good Price Supermarket ,""1354326"",DR1734250,Thu May 08 2025,,,,,,,,,,,,,,,,Brian ,LAWLEY,""16"",""179"",LAWLAY,""-26.382266107345238"",""27.806904523007844"",""-26.382199"",""27.806910"",""7.5"",Shop (identification),ft3@mvmedia.co.za,2025-05-08T12:19:29.464Z,,,,,,,,,,,,,ft3@mvmedia.co.za,2025-05-09 11:31:00.99501+02,""10005"""
"Shop (identification),walala wasala supermarket ,""1354052"",DR1736066,Thu May 08 2025,,,,,,,,,,,,,,,,Brian ,LAWLEY,,,LAWLAY,""-26.38201029162008"",""27.8055769920032"",""-26.382055"",""27.805691"",""12.4"",Shop (identification),ft3@mvmedia.co.za,2025-05-08T12:03:15.402Z,,,,,,,,,,,,,ft3@mvmedia.co.za,2025-05-09 11:30:59.859392+02,""9997"""
"Shop (identification),Thank General Dealer ,""1353971"",DR1736159,Thu May 08 2025,,,,,,,,,,,,,,,,Brian ,LAWLEY,""18"",""196"",LAWLAY,""-26.381821334504266"",""27.805245747011405"",""-26.381939"",""27.805281"",""13.5"",Shop (identification),ft3@mvmedia.co.za,2025-05-08T11:58:54.172Z,,,,,,,,,,,,,ft3@mvmedia.co.za,2025-05-09 11:30:59.196362+02,""9994"""
"Shop (identification),star small jozi shop,""1354015"",DR1736161,Thu May 08 2025,,,,,,,,,,,,,,,,Brian ,LAWLEY,""18"",""196"",LAWLAY,""-26.381810676840058"",""27.805368843238934"",""-26.381877"",""27.805408"",""8.3"",Shop (identification),ft3@mvmedia.co.za,2025-05-08T12:01:48.207Z,,,,,,,,,,,,,ft3@mvmedia.co.za,2025-05-09 11:30:59.380425+02,""9996"""
"Shop (identification),no name ,""1354427"",DR1733806,Thu May 08 2025,,,,,,,,,,,,,,,,Brian ,LAWLEY,""16"",""190"",LAWLAY,""-26.37977075765206"",""27.80588888869452"",""-26.379964"",""27.805745"",""25.8"",Shop (identification),ft3@mvmedia.co.za,2025-05-08T12:25:26.126Z,,,,,,,,,,,,,ft3@mvmedia.co.za,2025-05-09 11:31:01.724927+02,""10007"""
"Shop (identification),PARRUQUE TUCK SHOP ,""1354408"",DR1733578,Thu May 08 2025,,,,,,,,,,,,,,,,Brian ,LAWLEY,""16"",""188"",LAWLAY,""-26.379854087148058"",""27.80534271017646"",""-26.379940"",""27.805248"",""13.4"",Shop (identification),ft3@mvmedia.co.za,2025-05-08T12:23:57.274Z,,,,,,,,,,,,,ft3@mvmedia.co.za,2025-05-09 11:31:01.305646+02,""10006"""
"Shop (identification),MOLAPO TUCK SHOP ,""1353632"",DR1736949,Thu May 08 2025,,,,,,,,,,,,,,,,Brian ,LAWLEY,""18"",""209"",LAWLAY,""-26.379870849857234"",""27.80136472946455"",""-26.380043"",""27.801548"",""26.5"",Shop (identification),ft3@mvmedia.co.za,2025-05-08T11:30:45.159Z,,,,,,,,,,,,,ft3@mvmedia.co.za,2025-05-09 11:30:57.25989+02,""9975"""
"Shop (identification),no name ,""1353638"",DR1736370,Thu May 08 2025,,,,,,,,,,,,,,,,Brian ,LAWLEY,""18"",""198"",LAWLAY,""-26.380688540601053"",""27.80233888409735"",""-26.380609"",""27.802249"",""12.6"",Shop (identification),ft3@mvmedia.co.za,2025-05-08T11:31:53.854Z,,,,,,,,,,,,,ft3@mvmedia.co.za,2025-05-09 11:30:57.434828+02,""9976"""
"Shop (identification),savemore shop,""1353955"",DR1736578,Thu May 08 2025,,,,,,,,,,,,,,,,Brian ,LAWLEY,""18"",,LAWLAY,""-26.382113556400686"",""27.80423777960638"",""-26.382005"",""27.804244"",""12.1"",Shop (identification),ft3@mvmedia.co.za,2025-05-08T11:56:58.850Z,,,,,,,,,,,,,ft3@mvmedia.co.za,2025-05-09 11:30:58.961069+02,""9992"""
"Shop (identification),no name ,""1353720"",DR1735152,Thu May 08 2025,,,,,,,,,,,,,,,,Brian ,LAWLEY,""18"",""202"",LAWLAY,""-26.382492832769486"",""27.803070050947692"",""-26.382458"",""27.803199"",""13.4"",Shop (identification),ft3@mvmedia.co.za,2025-05-08T11:38:08.655Z,,,,,,,,,,,,,ft3@mvmedia.co.za,2025-05-09 11:30:58.006541+02,""9981"""
"Shop (identification),THANDABANTU Supermarket ,""1353684"",DR1735283,Thu May 08 2025,,,,,,,,,,,,,,,,Brian ,LAWLEY,""18"",""203"",LAWLAY,""-26.382242595790036"",""27.802290796550643"",""-26.382348"",""27.802209"",""14.3"",Shop (identification),ft3@mvmedia.co.za,2025-05-08T11:34:31.285Z,,,,,,,,,,,,,ft3@mvmedia.co.za,2025-05-09 11:30:57.616183+02,""9978"""
"Shop (identification),no name ,""1353708"",DR1735171,Thu May 08 2025,,,,,,,,,,,,,,,,Brian ,LAWLEY,""18"",""202"",LAWLAY,""-26.38238821592561"",""27.802554914663585"",""-26.382305"",""27.802397"",""18.3"",Shop (identification),ft3@mvmedia.co.za,2025-05-08T11:35:53.780Z,,,,,,,,,,,,,ft3@mvmedia.co.za,2025-05-09 11:30:57.813109+02,""9979"""
"Shop (identification),Africa Supermarket ,""1353508"",DR1735554,Thu May 08 2025,,,,,,,,,,,,,,,,Brian ,LAWLEY,""18"",""206"",LAWLAY,""-26.382401008103752"",""27.801555005717905"",""-26.382510"",""27.801766"",""24.3"",Shop (identification),ft3@mvmedia.co.za,2025-05-08T11:18:30.456Z,,,,,,,,,,,,,ft3@mvmedia.co.za,2025-05-09 11:30:56.674485+02,""9967"""
"Shop (identification),Chipile supermarket ,""1353579"",DR1735571,Thu May 08 2025,,,,,,,,,,,,,,,,Brian ,LAWLEY,""18"",""206"",LAWLAY,""-26.382520843314243"",""27.8007942912596"",""-26.382585"",""27.800894"",""12.2"",Shop (identification),ft3@mvmedia.co.za,2025-05-08T11:21:54.988Z,,,,,,,,,,,,,ft3@mvmedia.co.za,2025-05-09 11:30:56.872387+02,""9970"""
"Shop (identification),Lambos tuck shop ,""1353611"",DR1735871,Thu May 08 2025,,,,,,,,,,,,,,,,Brian ,LAWLEY,""18"",""208"",LAWLAY,""-26.38140619479339"",""27.799963908901763"",""-26.381410"",""27.799893"",""7.1"",Shop (identification),ft3@mvmedia.co.za,2025-05-08T11:27:39.257Z,,,,,,,,,,,,,ft3@mvmedia.co.za,2025-05-09 11:30:57.082427+02,""9973"""
"Shop (identification),Sanibonane supermarket ,""1354494"",DR1742651,Thu May 08 2025,,,,,,,,,,,,,,,,Brian ,LAWLEY,""4"",""41"",LAWLAY,""-26.377875733993825"",""27.802852510881973"",""-26.378031"",""27.802874"",""17.4"",Shop (identification),ft3@mvmedia.co.za,2025-05-08T12:28:52.203Z,,,,,,,,,,,,,ft3@mvmedia.co.za,2025-05-09 11:31:01.903767+02,""10009"""
"Shop (identification),no name ,""1354526"",DR1742656,Thu May 08 2025,,,,,,,,,,,,,,,,Brian ,LAWLEY,""4"",""41"",LAWLAY,""-26.37761158200318"",""27.80263957233742"",""-26.377625"",""27.802495"",""14.5"",Shop (identification),ft3@mvmedia.co.za,2025-05-08T12:30:21.223Z,,,,,,,,,,,,,ft3@mvmedia.co.za,2025-05-09 11:31:02.088574+02,""10010"""
"Shop (identification),lion juda 2 Supermarket ,""1357936"",DR1742131,Fri May 09 2025,,,,,,,,,,,,,,,,Brian ,LAWLEY,""4"",""37"",lawlay,""-26.375919847683225"",""27.802295590753083"",""-26.375821"",""27.802221"",""13.3"",Shop (identification),ft3@mvmedia.co.za,2025-05-09T07:30:43.907Z,,,,,,,,,,,,,ft3@mvmedia.co.za,2025-05-09 11:31:06.637717+02,""10047"""
"Retail (branding),Lion of Juda 2 Supermarket ,""1622230"",DR1742131,Thu Jun 19 2025,kairo,""0846193328"",,,,,,,Yes,Yes,In person,,,,,Thapelo Makhubela ,Lawley,""4"",""37"",Store is painted and branded ,""-26.375911209308757"",""27.802306524615975"",""-26.375857"",""27.802240"",""9.0"",Retail (branding),ft3@mvmedia.co.za,2025-06-19T12:07:05.873Z,,,,,,,,,,,,,ft3@mvmedia.co.za,2025-07-01 07:30:50.492304+02,""12136"""
"Shop (identification),no name ,""1352540"",DR1745863,Thu May 08 2025,,,,,,,,,,,,,,,,Brian ,LAWLEY,""7"",""70"",LAWLAY,""-26.3826257043585"",""27.794023185614783"",""-26.382563"",""27.793847"",""18.9"",Shop (identification),ft3@mvmedia.co.za,2025-05-08T10:08:11.081Z,,,,,,,,,,,,,ft3@mvmedia.co.za,2025-05-09 11:30:53.018496+02,""9926"""
"Shop (identification),MADIBA SUPERMARKET ,""1352625"",DR1745827,Thu May 08 2025,,,,,,,,,,,,,,,,Brian ,LAWLEY,""7"",""70"",LAWLAY,""-26.382002559779966"",""27.796428123904654"",""-26.381927"",""27.796237"",""20.8"",Shop (identification),ft3@mvmedia.co.za,2025-05-08T10:12:27.397Z,,,,,,,,,,,,,ft3@mvmedia.co.za,2025-05-09 11:30:53.184408+02,""9928"""
"Shop (identification),no name ,""1352692"",DR1746108,Thu May 08 2025,,,,,,,,,,,,,,,,Brian ,LAWLEY,""7"",,LAWLAY,""-26.383585244110513"",""27.796709177285344"",""-26.383705"",""27.796664"",""14.1"",Shop (identification),ft3@mvmedia.co.za,2025-05-08T10:18:08.526Z,,,,,,,,,,,,,ft3@mvmedia.co.za,2025-05-09 11:30:53.598964+02,""9932"""
"Shop (identification),BAGLA SUPER MARKET ,""1352666"",DR1745822,Thu May 08 2025,,,,,,,,,,,,,,,,Brian ,LAWLEY,""7"",""70"",LAWLAY,""-26.38361345565405"",""27.79396512590698"",""-26.383599"",""27.794123"",""15.8"",Shop (identification),ft3@mvmedia.co.za,2025-05-08T10:15:25.116Z,,,,,,,,,,,,,ft3@mvmedia.co.za,2025-05-09 11:30:53.382486+02,""9930"""
"Shop (identification),no name ,""1352736"",DR1746017,Thu May 08 2025,,,,,,,,,,,,,,,,Brian ,LAWLEY,""8"",""79"",LAWLAY,""-26.38403331005577"",""27.796799945772587"",""-26.383739"",""27.796435"",""48.9"",Shop (identification),ft3@mvmedia.co.za,2025-05-08T10:20:18.050Z,,,,,,,,,,,,,ft3@mvmedia.co.za,2025-05-09 11:30:53.78194+02,""9933"""
"Shop (identification),no name ,""1352825"",DR1744960,Thu May 08 2025,,,,,,,,,,,,,,,,Brian ,LAWLEY,""7"",""77"",LAWLAY,""-26.385701283871132"",""27.796103383743972"",""-26.385415"",""27.796161"",""32.3"",Shop (identification),ft3@mvmedia.co.za,2025-05-08T10:25:49.710Z,,,,,,,,,,,,,ft3@mvmedia.co.za,2025-05-09 11:30:53.968661+02,""9936"""
"Shop (identification),BYE BYE SHOP,""1352869"",DR1744978,Thu May 08 2025,,,,,,,,,,,,,,,,Brian ,LAWLEY,""7"",""77"",LAWLAY,""-26.38582438425593"",""27.794730300688958"",""-26.385632"",""27.794655"",""22.7"",Shop (identification),ft3@mvmedia.co.za,2025-05-08T10:29:25.445Z,,,,,,,,,,,,,ft3@mvmedia.co.za,2025-05-09 11:30:54.14994+02,""9938"""
"Shop (identification),no name ,""1352138"",DR1746973,Thu May 08 2025,,,,,,,,,,,,,,,,Brian ,LAWLEY,""9"",""95"",LAWLAY,""-26.38612143751739"",""27.793129737919635"",""-26.386299"",""27.793408"",""34.0"",Shop (identification),ft3@mvmedia.co.za,2025-05-08T09:40:50.344Z,,,,,,,,,,,,,ft3@mvmedia.co.za,2025-05-09 11:30:51.762742+02,""9903"""
"Shop (identification),Madiba Supermarket ,""1352226"",DR1746297,Thu May 08 2025,,,,,,,,,,,,,,,,Brian ,LAWLEY,""8"",""90"",LAWLAY,""-26.385413494302757"",""27.793958795962013"",""-26.385365"",""27.793615"",""34.7"",Shop (identification),ft3@mvmedia.co.za,2025-05-08T09:48:11.635Z,,,,,,,,,,,,,ft3@mvmedia.co.za,2025-05-09 11:30:52.145457+02,""9910"""
"Shop (identification),no name ,""1352150"",DR1746933,Thu May 08 2025,,,,,,,,,,,,,,,,Brian ,LAWLEY,""9"",""95"",LAWLAY,""-26.385836574556386"",""27.79138043605839"",""-26.385874"",""27.791277"",""11.1"",Shop (identification),ft3@mvmedia.co.za,2025-05-08T09:43:43.264Z,,,,,,,,,,,,,ft3@mvmedia.co.za,2025-05-09 11:30:51.946653+02,""9906"""
"Shop (identification),no name ,""1352275"",DR1748009,Thu May 08 2025,,,,,,,,,,,,,,,,Brian ,LAWLEY,""9"",""97"",LAWLAY,""-26.38451503900797"",""27.792836635300176"",""-26.384664"",""27.793145"",""34.9"",Shop (identification),ft3@mvmedia.co.za,2025-05-08T09:50:33.565Z,,,,,,,,,,,,,ft3@mvmedia.co.za,2025-05-09 11:30:52.338667+02,""9912"""
"Shop (identification),no name ,""1352304"",DR1748054,Thu May 08 2025,,,,,,,,,,,,,,,,Brian ,LAWLEY,""9"",""97"",LAWLAY,""-26.384169214118092"",""27.791615907460887"",""-26.384039"",""27.791584"",""14.8"",Shop (identification),ft3@mvmedia.co.za,2025-05-08T09:53:58.626Z,,,,,,,,,,,,,ft3@mvmedia.co.za,2025-05-09 11:30:52.488235+02,""9915"""
"Shop (identification),no name ,""1352350"",DR1749260,Thu May 08 2025,,,,,,,,,,,,,,,,Brian ,LAWLEY,""9"",""101"",LAWLAY,""-26.383998773099442"",""27.791191500030926"",""-26.384047"",""27.791204"",""5.5"",Shop (identification),ft3@mvmedia.co.za,2025-05-08T09:55:30.408Z,,,,,,,,,,,,,ft3@mvmedia.co.za,2025-05-09 11:30:52.627888+02,""9917"""
"Shop (identification),John Supermarket ,""1352523"",DR1749352,Thu May 08 2025,,,,,,,,,,,,,,,,Brian ,LAWLEY,""9"",""101"",LAWLAY,""-26.383100581374055"",""27.792698795884856"",""-26.382974"",""27.792797"",""17.1"",Shop (identification),ft3@mvmedia.co.za,2025-05-08T10:06:10.254Z,,,,,,,,,,,,,ft3@mvmedia.co.za,2025-05-09 11:30:52.818017+02,""9924"""
"Shop (identification),no name ,""1352101"",no drop allocated,Thu May 08 2025,,,,,,,,,,,,,,,,Brian ,LAWLEY,""9"",""105"",LAWLAY,""-26.387674668290213"",""27.791756497104373"",""-26.387583"",""27.791594"",""19.1"",Shop (identification),ft3@mvmedia.co.za,2025-05-08T09:37:55.233Z,,,,,,,,,,,,,ft3@mvmedia.co.za,2025-05-09 11:30:51.607166+02,""9901"""
"Shop (identification),no name ,""1352000"",DR1746828,Thu May 08 2025,,,,,,,,,,,,,,,,Brian ,LAWLEY,""8"",""94"",LAWLAY,""-26.388599430848238"",""27.792083883697572"",""-26.388667"",""27.792094"",""7.6"",Shop (identification),ft3@mvmedia.co.za,2025-05-08T09:30:24.349Z,,,,,,,,,,,,,ft3@mvmedia.co.za,2025-05-09 11:30:51.300214+02,""9897"""
"Shop (identification),no name ,""1352033"",DR1746731,Thu May 08 2025,,,,,,,,,,,,,,,,Brian ,LAWLEY,""8"",""94"",LAWLAY,""-26.388374403762608"",""27.793361479918627"",""-26.388415"",""27.793455"",""10.4"",Shop (identification),ft3@mvmedia.co.za,2025-05-08T09:33:23.477Z,,,,,,,,,,,,,ft3@mvmedia.co.za,2025-05-09 11:30:51.445593+02,""9898"""
"Shop (identification),MAMA'S SHOP,""1351870"",DR1746607,Thu May 08 2025,,,,,,,,,,,,,,,,Brian ,LAWLEY,""8"",""92"",LAWLAY ,""-26.3884594007635"",""27.794069378763925"",""-26.388362"",""27.794044"",""11.1"",Shop (identification),ft3@mvmedia.co.za,2025-05-08T09:21:34.629Z,,,,,,,,,,,,,ft3@mvmedia.co.za,2025-05-09 11:30:50.877998+02,""9894"""
"Shop (identification),no name ,""1352990"",DR1746424,Thu May 08 2025,,,,,,,,,,,,,,,,Brian ,LAWLEY,""8"",""91"",LAWLAY,""-26.38833689350442"",""27.79483893959015"",""-26.388114"",""27.794951"",""27.2"",Shop (identification),ft3@mvmedia.co.za,2025-05-08T10:39:12.623Z,,,,,,,,,,,,,ft3@mvmedia.co.za,2025-05-09 11:30:54.646669+02,""9943"""
"Shop (identification),BINIYAM DISCOUNT SUPERMARKET ,""1352971"",DR1746413,Thu May 08 2025,,,,,,,,,,,,,,,,Brian ,LAWLEY,""8"",""90"",LAWLAY,""-26.387831159779985"",""27.794783011386123"",""-26.387780"",""27.794854"",""9.1"",Shop (identification),ft3@mvmedia.co.za,2025-05-08T10:38:05.909Z,,,,,,,,,,,,,ft3@mvmedia.co.za,2025-05-09 11:30:54.336849+02,""9942"""
"Shop (identification),Jabulani Supermarket ,""1353095"",DR1747226,Thu May 08 2025,,,,,,,,,,,,,,,,Brian ,LAWLEY,""8"",""83"",LAWLAY,""-26.387020079460203"",""27.79675457920697"",""-26.387108"",""27.796898"",""17.3"",Shop (identification),ft3@mvmedia.co.za,2025-05-08T10:45:48.502Z,,,,,,,,,,,,,ft3@mvmedia.co.za,2025-05-09 11:30:54.826951+02,""9947"""
"Shop (identification),no name ,""1351941"",DR1746709,Thu May 08 2025,,,,,,,,,,,,,,,,Brian ,LAWLEY,""8"",""93"",LAWLAY,""-26.38933642249821"",""27.793390091273068"",""-26.389319"",""27.793668"",""27.7"",Shop (identification),ft3@mvmedia.co.za,2025-05-08T09:26:23.904Z,,,,,,,,,,,,,ft3@mvmedia.co.za,2025-05-09 11:30:51.078844+02,""9896"""
"Shop (identification),Ophakathwayo General Dealer ,""1353237"",DR1747625,Thu May 08 2025,,,,,,,,,,,,,,,,Brian ,LAWLEY,""8"",""86"",LAWLAY,""-26.387138074365254"",""27.801165688399678"",""-26.387184"",""27.801157"",""5.2"",Shop (identification),ft3@mvmedia.co.za,2025-05-08T10:57:36.421Z,,,,,,,,,,,,,ft3@mvmedia.co.za,2025-05-09 11:30:55.542107+02,""9954"""
"Shop (identification),no name ,""1353302"",DR1747380,Thu May 08 2025,,,,,,,,,,,,,,,,Brian ,LAWLEY,""8"",""84"",LAWLAY,""-26.38732161446508"",""27.799195570859133"",""-26.387121"",""27.799073"",""25.4"",Shop (identification),ft3@mvmedia.co.za,2025-05-08T11:02:34.423Z,,,,,,,,,,,,,ft3@mvmedia.co.za,2025-05-09 11:30:55.752475+02,""9956"""
"Shop (identification),no name ,""1353199"",DR1747637,Thu May 08 2025,,,,,,,,,,,,,,,,Brian ,LAWLEY,""8"",""86"",LAWLAY,""-26.38779574024947"",""27.80013163293946"",""-26.387880"",""27.800048"",""12.5"",Shop (identification),ft3@mvmedia.co.za,2025-05-08T10:54:07.980Z,,,,,,,,,,,,,ft3@mvmedia.co.za,2025-05-09 11:30:55.299359+02,""9953"""
"Shop (identification),no name ,""1353125"",DR1747433,Thu May 08 2025,,,,,,,,,,,,,,,,Brian ,LAWLEY,""8"",""84"",LAWLAY,""-26.38736791589527"",""27.79755590099045"",""-26.387282"",""27.797502"",""11.0"",Shop (identification),ft3@mvmedia.co.za,2025-05-08T10:49:00.952Z,,,,,,,,,,,,,ft3@mvmedia.co.za,2025-05-09 11:30:55.053708+02,""9950"""
"Shop (identification),JUST TRY TUCK SHOP,""1353324"",DR1747372,Thu May 08 2025,,,,,,,,,,,,,,,,Brian ,LAWLEY,""8"",""84"",LAWLAY,""-26.387283745553017"",""27.79860491557121"",""-26.387163"",""27.798680"",""15.4"",Shop (identification),ft3@mvmedia.co.za,2025-05-08T11:04:46.805Z,,,,,,,,,,,,,ft3@mvmedia.co.za,2025-05-09 11:30:55.910645+02,""9957"""
"Shop (identification),no name ,""1353341"",DR1745238,Thu May 08 2025,,,,,,,,,,,,,,,,Brian ,LAWLEY,""8"",""79"",LAWLAY,""-26.385955980637537"",""27.797561442325687"",""-26.386073"",""27.797681"",""17.6"",Shop (identification),ft3@mvmedia.co.za,2025-05-08T11:06:08.937Z,,,,,,,,,,,,,ft3@mvmedia.co.za,2025-05-09 11:30:56.254204+02,""9959"""
"Shop (identification),LAVANE TRADING STORE ,""1353392"",DR1745309,Thu May 08 2025,,,,,,,,,,,,,,,,Brian ,LAWLEY,""8"",""80"",LAWLAY,""-26.385674068583896"",""27.798102344359208"",""-26.385631"",""27.798096"",""4.8"",Shop (identification),ft3@mvmedia.co.za,2025-05-08T11:10:32.676Z,,,,,,,,,,,,,ft3@mvmedia.co.za,2025-05-09 11:30:56.445198+02,""9962"""
"Shop (identification),no name ,""1353924"",DR1736836,Thu May 08 2025,,,,,,,,,,,,,,,,Brian ,LAWLEY,""18"",""201"",LAWLAY,""-26.38476562321301"",""27.803851419454837"",""-26.384633"",""27.803726"",""19.3"",Shop (identification),ft3@mvmedia.co.za,2025-05-08T11:53:35.485Z,,,,,,,,,,,,,ft3@mvmedia.co.za,2025-05-09 11:30:58.764029+02,""9989"""
"Shop (identification),no name ,""1353830"",DR1733362,Thu May 08 2025,,,,,,,,,,,,,,,,Brian ,LAWLEY,""16"",""187"",LAWLAY,""-26.385145472708984"",""27.804169309563946"",""-26.385258"",""27.803972"",""23.3"",Shop (identification),ft3@mvmedia.co.za,2025-05-08T11:47:03.957Z,,,,,,,,,,,,,ft3@mvmedia.co.za,2025-05-09 11:30:58.332647+02,""9985"""
"Shop (identification),no name ,""1353765"",DR1733450,Thu May 08 2025,,,,,,,,,,,,,,,,Brian ,LAWLEY,""16"",""187"",LAWLAY,""-26.38516534362431"",""27.802805310346134"",""-26.385336"",""27.802615"",""26.8"",Shop (identification),ft3@mvmedia.co.za,2025-05-08T11:41:41.171Z,,,,,,,,,,,,,ft3@mvmedia.co.za,2025-05-09 11:30:58.167067+02,""9983"""
"Shop (identification),no name ,""1348105"",DR1753053,Wed May 07 2025,,,,,,,,,,,,,,,,Brian ,LAWLEY,""11"",""136"",LAWLAY,""-26.38649071523287"",""27.807862087041034"",""-26.386675"",""27.807719"",""25.0"",Shop (identification),ft3@mvmedia.co.za,2025-05-07T13:09:38.945Z,,,,,,,,,,,,,ft3@mvmedia.co.za,2025-05-09 11:30:47.590342+02,""9850"""
"Shop (identification),Mahlubi Supermarket ,""1347891"",DR1753112,Wed May 07 2025,,,,,,,,,,,,,,,,Brian ,LAWLEY,""11"",""137"",LAWLAY,""-26.386074988402363"",""27.806633138416608"",""-26.386227"",""27.806344"",""33.4"",Shop (identification),ft3@mvmedia.co.za,2025-05-07T12:53:17.989Z,,,,,,,,,,,,,ft3@mvmedia.co.za,2025-05-09 11:30:46.64019+02,""9843"""
"Retail (branding),Mahlubi Supermarket ,""1614417"",DR1753112,Wed Jun 18 2025,Ali,""0735989492"",,,,,,,Yes,Yes,In person,,,,,Thapelo Makhubela ,Lawley,""11"",""137"",store is painted and branded ,""-26.386071067241364"",""27.80663376529772"",,,""4180024.9"",Retail (branding),ft3@mvmedia.co.za,2025-06-18T10:34:10.135Z,,,,,,,,,,,,,ft3@mvmedia.co.za,2025-07-01 07:30:49.339859+02,""12095"""
"Shop (identification),no name ,""1347920"",DR1752963,Wed May 07 2025,,,,,,,,,,,,,,,,Brian ,LAWLEY,""11"",""135"",LAWLAY,""-26.38595458666318"",""27.80701543948469"",""-26.385905"",""27.806754"",""26.6"",Shop (identification),ft3@mvmedia.co.za,2025-05-07T12:55:08.748Z,,,,,,,,,,,,,ft3@mvmedia.co.za,2025-05-09 11:30:46.75713+02,""9844"""
"Shop (identification),no name ,""1347934"",DR1734458,Wed May 07 2025,,,,,,,,,,,,,,,,Brian ,LAWLEY,""16"",""181"",LAWLAY,""-26.385268649369923"",""27.80661563383562"",""-26.385233"",""27.806746"",""13.6"",Shop (identification),ft3@mvmedia.co.za,2025-05-07T12:57:26.046Z,,,,,,,,,,,,,ft3@mvmedia.co.za,2025-05-09 11:30:46.874575+02,""9845"""
"Shop (identification),no name ,""1353875"",DR1733252,Thu May 08 2025,,,,,,,,,,,,,,,,Brian ,LAWLEY,,,LAWLAY,""-26.38440335796543"",""27.805516302551897"",""-26.384441"",""27.805482"",""5.4"",Shop (identification),ft3@mvmedia.co.za,2025-05-08T11:50:37.468Z,,,,,,,,,,,,,ft3@mvmedia.co.za,2025-05-09 11:30:58.566137+02,""9988"""
"Shop (identification),cheap & nice Supermarket ,""1354090"",DR1736104,Thu May 08 2025,,,,,,,,,,,,,,,,Brian ,LAWLEY,""18"",""195"",LAWLAY,""-26.383003828202042"",""27.805872166255405"",""-26.382978"",""27.806058"",""18.7"",Shop (identification),ft3@mvmedia.co.za,2025-05-08T12:05:10.408Z,,,,,,,,,,,,,ft3@mvmedia.co.za,2025-05-09 11:31:00.082725+02,""9999"""
"Shop (identification),no name ,""1347977"",DR1734832,Wed May 07 2025,,,,,,,,,,,,,,,,Brian ,LAWLEY,""16"",""184"",LAWLAY,""-26.383876480500934"",""27.807233296488803"",""-26.383757"",""27.807335"",""16.7"",Shop (identification),ft3@mvmedia.co.za,2025-05-07T13:01:41.731Z,,,,,,,,,,,,,ft3@mvmedia.co.za,2025-05-09 11:30:47.019726+02,""9846"""
"Shop (identification),no name ,""1348036"",DR1734728,Wed May 07 2025,,,,,,,,,,,,,,,,Brian ,LAWLEY,""16"",""184"",LAWLAY,""-26.384251174881886"",""27.808589617846632"",""-26.384393"",""27.808611"",""15.9"",Shop (identification),ft3@mvmedia.co.za,2025-05-07T13:04:41.314Z,,,,,,,,,,,,,ft3@mvmedia.co.za,2025-05-09 11:30:47.159765+02,""9847"""
"Shop (identification),no name ,""1348182"",DR1750176,Wed May 07 2025,,,,,,,,,,,,,,,,Brian ,LAWLEY,""11"",""124"",LAWLAY,""-26.383349815091943"",""27.810911267814067"",""-26.383425"",""27.810933"",""8.6"",Shop (identification),ft3@mvmedia.co.za,2025-05-07T13:16:09.195Z,,,,,,,,,,,,,ft3@mvmedia.co.za,2025-05-09 11:30:47.838492+02,""9851"""
"Retail (branding),Vusani Tuck Shop ,""1635876"",DR1750176,Sat Jun 21 2025,Vusani ,""0783308345"",,,,,,,Yes,Yes,In person,,,,,Thapelo Makhubela ,Lawley,""11"",""124"",Store is painted and branded ,""-26.383345406671086"",""27.810908375200917"",""-26.383367"",""27.810847"",""6.6"",Retail (branding),ft3@mvmedia.co.za,2025-06-21T09:12:27.820Z,,,,,,,,,,,,,ft3@mvmedia.co.za,2025-07-01 07:30:50.931496+02,""12284"""
"Shop (identification),no name ,""1348196"",DR1750116,Wed May 07 2025,,,,,,,,,,,,,,,,Brian ,LAWLEY,""10"",""123"",LAWLAY,""-26.383755287709874"",""27.812457510120538"",""-26.383789"",""27.812371"",""9.4"",Shop (identification),ft3@mvmedia.co.za,2025-05-07T13:17:14.055Z,,,,,,,,,,,,,ft3@mvmedia.co.za,2025-05-09 11:30:47.99033+02,""9852"""
"Shop (identification),BLUE SHOP,""1348363"",DR1750312,Wed May 07 2025,,,,,,,,,,,,,,,,Brian ,LAWLEY,""11"",""125"",LAWLAY,""-26.385344531468625"",""27.81215492020753"",""-26.385438"",""27.812273"",""15.7"",Shop (identification),ft3@mvmedia.co.za,2025-05-07T13:27:21.097Z,,,,,,,,,,,,,ft3@mvmedia.co.za,2025-05-09 11:30:49.179486+02,""9858"""
"Shop (identification),MCN Cash & Carry ,""1348320"",DR1752634,Wed May 07 2025,,,,,,,,,,,,,,,,Brian ,LAWLEY,""11"",""131"",LAWLAY,""-26.385681057930668"",""27.81166413661013"",""-26.385724"",""27.811582"",""9.5"",""Shop (identification), Shop (identification)"",ft3@mvmedia.co.za,2025-05-07T13:23:02.620Z,,,,,,,,,,,,,ft3@mvmedia.co.za,2025-05-09 11:30:48.503082+02,""9855"""
"Shop (identification),no name ,""1348347"",DR1750302,Wed May 07 2025,,,,,,,,,,,,,,,,Brian ,LAWLEY,""11"",""125"",LAWLAY,""-26.385361104108323"",""27.81186296413018"",""-26.385578"",""27.811970"",""26.4"",Shop (identification),ft3@mvmedia.co.za,2025-05-07T13:25:59.720Z,,,,,,,,,,,,,ft3@mvmedia.co.za,2025-05-09 11:30:48.8113+02,""9857"""
"Shop (identification),Discount Shop ,""1348285"",DR1752551,Wed May 07 2025,,,,,,,,,,,,,,,,Brian ,LAWLEY,""11"",""131"",LAWLAY,""-26.385729314711593"",""27.811260685379587"",""-26.385634"",""27.811303"",""11.4"",Shop (identification),ft3@mvmedia.co.za,2025-05-07T13:20:21.202Z,,,,,,,,,,,,,ft3@mvmedia.co.za,2025-05-09 11:30:48.367671+02,""9854"""
"Shop (identification),no name ,""1348068"",DR1752579,Wed May 07 2025,,,,,,,,,,,,,,,,Brian ,LAWLEY,""11"",""131"",LAWLAY,""-26.386181702825997"",""27.810200997663653"",""-26.386203"",""27.810147"",""5.9"",Shop (identification),ft3@mvmedia.co.za,2025-05-07T13:06:41.137Z,,,,,,,,,,,,,ft3@mvmedia.co.za,2025-05-09 11:30:47.292941+02,""9848"""
"Shop (identification),fine tuck shop ,""1348072"",DR1752733,Wed May 07 2025,,,,,,,,,,,,,,,,Brian ,LAWLEY,""11"",""132"",LAWLAY,""-26.38637795800723"",""27.810241560868885"",""-26.386185"",""27.810182"",""22.3"",Shop (identification),ft3@mvmedia.co.za,2025-05-07T13:07:12.704Z,,,,,,,,,,,,,ft3@mvmedia.co.za,2025-05-09 11:30:47.449416+02,""9849"""
"Shop (identification),no name ,""1348268"",DR1752574,Wed May 07 2025,,,,,,,,,,,,,,,,Brian ,LAWLEY,""11"",""131"",LAWLAY,""-26.385779224844594"",""27.81112386963945"",""-26.385530"",""27.811016"",""29.7"",Shop (identification),ft3@mvmedia.co.za,2025-05-07T13:19:16.850Z,,,,,,,,,,,,,ft3@mvmedia.co.za,2025-05-09 11:30:48.202641+02,""9853"""
"Shop (identification), no name ,""1348338"",DR1752629,Wed May 07 2025,,,,,,,,,,,,,,,,Brian ,LAWLEY,""11"",""131"",LAWLAy,""-26.385859824559336"",""27.811632433972534"",""-26.385834"",""27.811551"",""8.6"",Shop (identification),ft3@mvmedia.co.za,2025-05-07T13:24:58.772Z,,,,,,,,,,,,,ft3@mvmedia.co.za,2025-05-09 11:30:48.679049+02,""9856"""
"Shop (identification),khulukeka trading Store ,""1347833"",DR1752845,Wed May 07 2025,,,,,,,,,,,,,,,,Brian ,LAWLEY,""11"",""133"",LAWLAY,""-26.38687525221502"",""27.81174011742769"",""-26.386972"",""27.811823"",""13.6"",Shop (identification),ft3@mvmedia.co.za,2025-05-07T12:47:52.178Z,,,,,,,,,,,,,ft3@mvmedia.co.za,2025-05-09 11:30:46.195635+02,""9840"""
"Shop (identification),no name ,""1346968"",DR1751748,Wed May 07 2025,,,,,,,,,,,,,,,,Brian ,LAWLEY,""11"",""138"",LAWLAY,""-26.38827545475231"",""27.809724336894398"",""-26.388107"",""27.809702"",""18.9"",Shop (identification),ft3@mvmedia.co.za,2025-05-07T11:32:27.978Z,,,,,,,,,,,,,ft3@mvmedia.co.za,2025-05-07 14:20:23.249732+02,""9822"""
"Shop (identification),no name ,""1347878"",DR1753186,Wed May 07 2025,,,,,,,,,,,,,,,,Brian ,LAWLEY,""11"",""137"",LAWLAY,""-26.387262488621758"",""27.808715266863622"",""-26.387581"",""27.808702"",""35.4"",Shop (identification),ft3@mvmedia.co.za,2025-05-07T12:51:18.649Z,,,,,,,,,,,,,ft3@mvmedia.co.za,2025-05-09 11:30:46.50004+02,""9842"""
"Shop (identification),SEA SHOP,""1347872"",DR1753200,Wed May 07 2025,,,,,,,,,,,,,,,,Brian ,LAWLEY,""11"",""137"",LAWLAY,""-26.387339478710054"",""27.80768535032445"",""-26.387755"",""27.807809"",""47.8"",Shop (identification),ft3@mvmedia.co.za,2025-05-07T12:50:16.878Z,,,,,,,,,,,,,ft3@mvmedia.co.za,2025-05-09 11:30:46.351044+02,""9841"""
"Retail (branding),Sea Shop,""1620339"",DR1753200,Thu Jun 19 2025,Enoch ,""0762709514"",,,,,,,Yes,Yes,In person,,,,,Thapelo Makhubela ,Lawley,""11"",""137"",store is painted and branded ,""-26.38733621774595"",""27.807702194710814"",""-26.387550"",""27.807562"",""27.6"",Retail (branding),ft3@mvmedia.co.za,2025-06-19T09:48:02.456Z,,,,,,,,,,,,,ft3@mvmedia.co.za,2025-07-01 07:30:50.168761+02,""12114"""
"Shop (identification),PHUMZILE SHOP,""1346960"",DR1751765,Wed May 07 2025,,,,,,,,,,,,,,,,Brian ,LAWLEY,""11"",""138"",LAWLAY,""-26.38817358629498"",""27.80853876324766"",""-26.388235"",""27.808729"",""20.1"",Shop (identification),ft3@mvmedia.co.za,2025-05-07T11:31:22.773Z,,,,,,,,,,,,,ft3@mvmedia.co.za,2025-05-07 14:20:23.103411+02,""9821"""
"Shop (identification),THOHOYANDOU SHOP,""1346933"",DR1752124,Wed May 07 2025,,,,,,,,,,,,,,,,Brian ,LAWLEY,""12"",""142"",LAWLAY,""-26.389627766848935"",""27.807763529064296"",""-26.389469"",""27.807755"",""17.7"",Shop (identification),ft3@mvmedia.co.za,2025-05-07T11:28:05.758Z,,,,,,,,,,,,,ft3@mvmedia.co.za,2025-05-07 14:20:22.953522+02,""9820"""
"Shop (identification),no name ,""1346922"",DR1752184,Wed May 07 2025,,,,,,,,,,,,,,,,Brian ,LAWLEY,""12"",""142"",LAWLAY,""-26.389779677600142"",""27.808450531173815"",""-26.389740"",""27.808482"",""5.4"",Shop (identification),ft3@mvmedia.co.za,2025-05-07T11:26:46.315Z,,,,,,,,,,,,,ft3@mvmedia.co.za,2025-05-07 14:20:22.830763+02,""9819"""
"Shop (identification),no name ,""1346864"",DR1752186,Wed May 07 2025,,,,,,,,,,,,,,,,Brian ,LAWLEY,""12"",""142"",LAWLAY,""-26.390116975170166"",""27.808368078398008"",""-26.390102"",""27.808531"",""16.3"",Shop (identification),ft3@mvmedia.co.za,2025-05-07T11:23:50.756Z,,,,,,,,,,,,,ft3@mvmedia.co.za,2025-05-07 14:20:22.715533+02,""9818"""
"Shop (identification),no name ,""1347037"",DR1751872,Wed May 07 2025,,,,,,,,,,,,,,,,Brian ,LAWLEY,""12"",""140"",LAWLAY,""-26.389714862259837"",""27.810052918826177"",""-26.389774"",""27.810270"",""22.6"",Shop (identification),ft3@mvmedia.co.za,2025-05-07T11:39:21.766Z,,,,,,,,,,,,,ft3@mvmedia.co.za,2025-05-07 14:20:23.599434+02,""9824"""
"Shop (identification),no name ,""1347015"",DR1751902,Wed May 07 2025,,,,,,,,,,,,,,,,Brian ,LAWLEY,""12"",""140"",LAWLAY,""-26.389365821999046"",""27.810025497627866"",""-26.389379"",""27.810221"",""19.5"",Shop (identification),ft3@mvmedia.co.za,2025-05-07T11:36:32.173Z,,,,,,,,,,,,,ft3@mvmedia.co.za,2025-05-07 14:20:23.466204+02,""9823"""
"Shop (identification),no name ,""1346465"",DR1752308,Wed May 07 2025,,,,,,,,,,,,,,,,Brian ,LAWLEY,""12"",""144"",LAWLAY,""-26.391008099398977"",""27.81178912411516"",""-26.391098"",""27.812081"",""30.7"",Shop (identification),ft3@mvmedia.co.za,2025-05-07T10:49:39.823Z,,,,,,,,,,,,,ft3@mvmedia.co.za,2025-05-07 14:20:21.322648+02,""9802"""
"Shop (identification),no name ,""1346803"",DR1752321,Wed May 07 2025,,,,,,,,,,,,,,,,Brian ,LAWLEY,""12"",""144"",LAWLAY,""-26.390698067543962"",""27.811155720383017"",""-26.390619"",""27.811135"",""9.0"",Shop (identification),ft3@mvmedia.co.za,2025-05-07T11:18:49.108Z,,,,,,,,,,,,,ft3@mvmedia.co.za,2025-05-07 14:20:22.610722+02,""9817"""
"Shop (identification),no name ,""1347634"",DR1733012,Wed May 07 2025,,,,,,,,,,,,,,,,Brian ,LAWLEY,""14"",""168"",LAWLAY,""-26.397542798930196"",""27.806493587449307"",""-26.397595"",""27.806587"",""11.0"",Shop (identification),ft3@mvmedia.co.za,2025-05-07T12:31:43.167Z,,,,,,,,,,,,,ft3@mvmedia.co.za,2025-05-09 11:30:45.577408+02,""9836"""
"Shop (identification),no name ,""1347592"",DR1731627,Wed May 07 2025,,,,,,,,,,,,,,,,Brian ,LAWLEY,""14"",""171"",LAWLAY,""-26.397895773043697"",""27.808465686700686"",""-26.397746"",""27.808557"",""19.0"",Shop (identification),ft3@mvmedia.co.za,2025-05-07T12:29:35.817Z,,,,,,,,,,,,,ft3@mvmedia.co.za,2025-05-09 11:30:45.420654+02,""9835"""
"Shop (identification),Tony Supermarket ,""1347688"",DR1732831,Wed May 07 2025,,,,,,,,,,,,,,,,Brian ,LAWLEY,""14"",""167"",LAWLAY,""-26.396175735789942"",""27.80906207523105"",""-26.396070"",""27.809031"",""12.2"",Shop (identification),ft3@mvmedia.co.za,2025-05-07T12:36:29.024Z,,,,,,,,,,,,,ft3@mvmedia.co.za,2025-05-09 11:30:45.722636+02,""9837"""
"Shop (identification),no name ,""1347524"",DR1732484,Wed May 07 2025,,,,,,,,,,,,,,,,Brian ,LAWLEY,""14"",""163"",LAWLAY,""-26.395422535723867"",""27.811716991986327"",""-26.395533"",""27.811325"",""40.9"",Shop (identification),ft3@mvmedia.co.za,2025-05-07T12:24:10.308Z,,,,,,,,,,,,,ft3@mvmedia.co.za,2025-05-09 11:30:45.100635+02,""9833"""
"Shop (identification),no name ,""1347124"",DR1732519,Wed May 07 2025,,,,,,,,,,,,,,,,Brian ,LAWLEY,""14"",""163"",LAWLAY,""-26.395673250259073"",""27.812298636455477"",""-26.395641"",""27.812378"",""8.7"",Shop (identification),ft3@mvmedia.co.za,2025-05-07T11:49:55.622Z,,,,,,,,,,,,,ft3@mvmedia.co.za,2025-05-07 14:20:23.715218+02,""9825"""
"Shop (identification),no name ,""1347491"",DR1732798,Wed May 07 2025,,,,,,,,,,,,,,,,Brian ,LAWLEY,""14"",""166"",LAWLAY,""-26.396450172506373"",""27.811761943709435"",""-26.396352"",""27.811887"",""16.6"",Shop (identification),ft3@mvmedia.co.za,2025-05-07T12:22:15.556Z,,,,,,,,,,,,,ft3@mvmedia.co.za,2025-05-09 11:30:44.952328+02,""9832"""
"Shop (identification),BISMILLA TUCK SHOP ,""1347479"",DR1731579,Wed May 07 2025,,,,,,,,,,,,,,,,Brian ,LAWLEY,""14"",""171"",LAWLAY,""-26.39686246169589"",""27.812031360447552"",""-26.396723"",""27.812104"",""17.1"",Shop (identification),ft3@mvmedia.co.za,2025-05-07T12:20:55.048Z,,,,,,,,,,,,,ft3@mvmedia.co.za,2025-05-09 11:30:44.478677+02,""9831"""
",,""1347478"",,,,,,,,,,,,,,,,,,,LAWLEY,""14"",""166"",,""-26.39678522100482"",""27.812000680078825"",,,,,,,,,,,,,,,,,,,ft3@mvmedia.co.za,2025-05-07 14:20:25.14205+02,""9830"""
"Shop (identification),no name ,""1347576"",DR1733058,Wed May 07 2025,,,,,,,,,,,,,,,,Brian ,LAWLEY,""14"",""169"",LAWLAY,""-26.397800788450372"",""27.80903952822986"",""-26.397914"",""27.809179"",""18.7"",Shop (identification),ft3@mvmedia.co.za,2025-05-07T12:27:28.904Z,,,,,,,,,,,,,ft3@mvmedia.co.za,2025-05-09 11:30:45.256705+02,""9834"""
